{
    "__comment": "Model generated using MrCrayfish's Model Creator (https://mrcrayfish.com/tools?id=mc)",
    "textures": {
        "s_eagle_back": "custom/s_eagle_back",
        "handle": "custom/handle",
        "s_eagle": "custom/s_eagle"
    },
    "display": {
        "gui": {
            "rotation": [ 350, 160, 30 ],
            "translation": [ -0.5, -0.5, 0 ],
            "scale": [ 0.85, 0.85, 0.85 ]
        },
        "ground": {
            "rotation": [ 0, 0, 0 ],
            "translation": [ 0, 2, 0 ],
            "scale": [ 0.5, 0.5, 0.5 ]
        },
        "fixed": {
            "rotation": [ 0, 180, 0 ],
            "translation": [ 0, 0, 0 ],
            "scale": [ 1, 1, 1 ]
        },
        "head": {
            "rotation": [ 0, 180, 0 ],
            "translation": [ 0, 13, 7 ],
            "scale": [ 1, 1, 1 ]
        },
        "firstperson_righthand": {
            "rotation": [ 10, 0, 50 ],
            "translation": [ -9, -2, 3 ],
            "scale": [ 0.68, 0.68, 0.68 ]
        },
        "thirdperson_righthand": {
            "rotation": [ 50, 340, 60 ],
            "translation": [ 0, 0, 0 ],
            "scale": [ 0.9, 1.2, 1 ]
        }
    },
    "elements": [
        {
            "name": "front1",
            "from": [ 1, 7, 7 ], 
            "to": [ 15, 15, 8 ], 
            "faces": {
                "north": { "texture": "#s_eagle", "uv": [ 1, 2, 15, 10 ] },
                "east": { "texture": "#s_eagle_back", "uv": [ 1, 2, 2, 10 ] },
                "south": { "texture": "#s_eagle_back", "uv": [ 1, 2, 15, 10 ] },
                "west": { "texture": "#s_eagle_back", "uv": [ 14, 2, 15, 10 ] },
                "up": { "texture": "#s_eagle_back", "uv": [ 1, 2, 15, 3 ] },
                "down": { "texture": "#s_eagle_back", "uv": [ 1, 9, 15, 10 ] }
            }
        },
        {
            "name": "front2_l",
            "from": [ 13, 15, 7 ], 
            "to": [ 15, 15.5, 8 ], 
            "faces": {
                "east": { "texture": "#s_eagle_back", "uv": [ 1, 1, 2, 1.5 ] },
                "west": { "texture": "#s_eagle_back", "uv": [ 2, 1, 3, 1.5 ] },
                "up": { "texture": "#s_eagle_back", "uv": [ 1, 1, 3, 2 ] }
            }
        },
        {
            "name": "front2_r",
            "from": [ 1, 15, 7 ], 
            "to": [ 3, 15.5, 8 ], 
            "faces": {
                "east": { "texture": "#s_eagle_back", "uv": [ 13, 1, 14, 1.5 ] },
                "west": { "texture": "#s_eagle_back", "uv": [ 14, 1, 15, 1.5 ] },
                "up": { "texture": "#s_eagle_back", "uv": [ 13, 1, 15, 2 ] }
            }
        },
        {
            "name": "front2_c",
            "from": [ 6, 15, 7 ], 
            "to": [ 10, 16, 8 ], 
            "faces": {
                "north": { "texture": "#s_eagle", "uv": [ 6, 1, 10, 2 ] },
                "east": { "texture": "#s_eagle_back", "uv": [ 6, 1, 7, 2 ] },
                "south": { "texture": "#s_eagle_back", "uv": [ 6, 1, 10, 2 ] },
                "west": { "texture": "#s_eagle_back", "uv": [ 9, 1, 10, 2 ] },
                "up": { "texture": "#s_eagle_back", "uv": [ 6, 1, 10, 2 ] }
            }
        },
        {
            "name": "top",
            "from": [ 7, 16, 7 ], 
            "to": [ 9, 16.5, 8 ], 
            "faces": {
                "east": { "texture": "#s_eagle_back", "uv": [ 7, 0, 8, 0.5 ] },
                "west": { "texture": "#s_eagle_back", "uv": [ 8, 0, 9, 0.5 ] },
                "up": { "texture": "#s_eagle_back", "uv": [ 7, 0, 9, 1 ] }
            }
        },
        {
            "name": "bottom1",
            "from": [ 2, 5, 7 ], 
            "to": [ 14, 7, 8 ], 
            "faces": {
                "north": { "texture": "#s_eagle", "uv": [ 2, 10, 14, 12 ] },
                "east": { "texture": "#s_eagle_back", "uv": [ 2, 10, 3, 12 ] },
                "south": { "texture": "#s_eagle_back", "uv": [ 2, 10, 14, 12 ] },
                "west": { "texture": "#s_eagle_back", "uv": [ 13, 10, 14, 12 ] },
                "down": { "texture": "#s_eagle_back", "uv": [ 2, 11, 14, 12 ] }
            }
        },
        {
            "name": "bottom2A",
            "from": [ 3, 4, 7 ], 
            "to": [ 13, 5, 8 ], 
            "faces": {
                "north": { "texture": "#s_eagle", "uv": [ 3, 12, 13, 13 ] },
                "east": { "texture": "#s_eagle_back", "uv": [ 1, 10, 2, 9 ] },
                "south": { "texture": "#s_eagle_back", "uv": [ 3, 12, 13, 13 ] },
                "west": { "texture": "#s_eagle_back", "uv": [ 12, 12, 13, 13 ] }
            }
        },
        {
            "name": "bottom3",
            "from": [ 4, 2, 7 ], 
            "to": [ 12, 3, 8 ], 
            "faces": {
                "north": { "texture": "#s_eagle", "uv": [ 4, 13, 12, 14 ] },
                "east": { "texture": "#s_eagle_back", "uv": [ 4, 13, 5, 14 ] },
                "south": { "texture": "#s_eagle_back", "uv": [ 4, 13, 12, 14 ] },
                "west": { "texture": "#s_eagle_back", "uv": [ 12, 12, 13, 13 ] },
                "down": { "texture": "#s_eagle_back", "uv": [ 2, 2, 3, 10 ] }
            }
        },
        {
            "name": "bottom4A",
            "from": [ 5, 1, 7 ], 
            "to": [ 8, 2, 8 ], 
            "faces": {
                "north": { "texture": "#s_eagle", "uv": [ 9, 13, 12, 14 ] },
                "south": { "texture": "#s_eagle_back", "uv": [ 6, 14, 9, 15 ] },
                "west": { "texture": "#s_eagle_back", "uv": [ 10, 14, 11, 15 ] },
                "down": { "texture": "#s_eagle_back", "uv": [ 2, 7, 3, 10 ] }
            }
        },
        {
            "name": "bottom5",
            "from": [ 7, -0.5, 7 ], 
            "to": [ 9, 0, 8 ], 
            "faces": {
                "east": { "texture": "#s_eagle_back", "uv": [ 7, 15, 8, 15.5 ] },
                "west": { "texture": "#s_eagle_back", "uv": [ 8, 15, 9, 15.5 ] },
                "down": { "texture": "#s_eagle_back", "uv": [ 7, 15, 9, 16 ] }
            }
        },
        {
            "name": "bottom2B",
            "from": [ 3, 3, 7 ], 
            "to": [ 13, 4, 8 ], 
            "faces": {
                "north": { "texture": "#s_eagle", "uv": [ 3, 12, 13, 13 ] },
                "east": { "texture": "#s_eagle_back", "uv": [ 3, 12, 4, 12 ] },
                "south": { "texture": "#s_eagle_back", "uv": [ 3, 12, 13, 13 ] },
                "west": { "texture": "#s_eagle_back", "uv": [ 12, 12, 13, 13 ] },
                "down": { "texture": "#s_eagle_back", "uv": [ 2, 9, 14, 8 ] }
            }
        },
        {
            "name": "bottom4B",
            "from": [ 8, 1, 7 ], 
            "to": [ 11, 2, 8 ], 
            "faces": {
                "north": { "texture": "#s_eagle", "uv": [ 4, 13, 7, 14 ] },
                "east": { "texture": "#s_eagle_back", "uv": [ 5, 14, 6, 15 ] },
                "south": { "texture": "#s_eagle_back", "uv": [ 9, 13, 12, 14 ] },
                "down": { "texture": "#s_eagle_back", "uv": [ 2, 7, 3, 10 ] }
            }
        },
        {
            "name": "bottom4A",
            "from": [ 6, 0, 7 ], 
            "to": [ 10, 1, 8 ], 
            "faces": {
                "north": { "texture": "#s_eagle", "uv": [ 6, 14, 10, 15 ] },
                "east": { "texture": "#s_eagle_back", "uv": [ 5, 14, 6, 15 ] },
                "south": { "texture": "#s_eagle_back", "uv": [ 6, 14, 10, 15 ] },
                "west": { "texture": "#s_eagle_back", "uv": [ 10, 14, 11, 15 ] },
                "up": { "texture": "#s_eagle_back", "uv": [ 2, 6, 3, 10 ] },
                "down": { "texture": "#s_eagle_back", "uv": [ 2, 6, 3, 10 ] }
            }
        },
        {
            "name": "handle_h1",
            "from": [ 8, 5, 8 ], 
            "to": [ 9, 6, 14 ], 
            "faces": {
                "east": { "texture": "#handle", "uv": [ 0, 13, 6, 14 ] },
                "south": { "texture": "#handle", "uv": [ 5, 8, 6, 9 ] },
                "west": { "texture": "#handle", "uv": [ 0, 8, 6, 9 ] },
                "up": { "texture": "#handle", "uv": [ 8, 2, 9, 8 ] },
                "down": { "texture": "#handle", "uv": [ 7, 8, 6, 14 ] }
            }
        },
        {
            "name": "handle_h2",
            "from": [ 8, 10, 8 ], 
            "to": [ 9, 11, 14 ], 
            "faces": {
                "east": { "texture": "#handle", "uv": [ 0, 13, 6, 14 ] },
                "south": { "texture": "#handle", "uv": [ 5, 8, 6, 9 ] },
                "west": { "texture": "#handle", "uv": [ 0, 8, 6, 9 ] },
                "up": { "texture": "#handle", "uv": [ 8, 2, 9, 8 ] },
                "down": { "texture": "#handle", "uv": [ 7, 8, 6, 14 ] }
            }
        },
        {
            "name": "handle_v1",
            "from": [ 8, 6, 13 ], 
            "to": [ 9, 10, 14 ], 
            "faces": {
                "north": { "texture": "#handle", "uv": [ 8, 2, 9, 8 ] },
                "east": { "texture": "#handle", "uv": [ 0, 14, 1, 8 ] },
                "south": { "texture": "#handle", "uv": [ 6, 8, 8, 14 ] },
                "west": { "texture": "#handle", "uv": [ 0, 8, 1, 14 ] }
            }
        },
        {
            "name": "handle_v2",
            "from": [ 8, 6, 8 ], 
            "to": [ 9, 10, 9 ], 
            "faces": {
                "north": { "texture": "#handle", "uv": [ 8, 2, 9, 8 ] },
                "east": { "texture": "#handle", "uv": [ 0, 14, 1, 8 ] },
                "south": { "texture": "#handle", "uv": [ 6, 8, 8, 14 ] },
                "west": { "texture": "#handle", "uv": [ 0, 8, 1, 14 ] }
            }
        },
        {
            "name": "eagle1",
            "from": [ 7, 5, 6.4 ], 
            "to": [ 9, 13, 7 ], 
            "faces": {
                "north": { "texture": "#s_eagle", "uv": [ 7, 4, 9, 12 ] },
                "east": { "texture": "#s_eagle", "uv": [ 7, 4, 7.6, 12 ] },
                "south": { "texture": "#s_eagle", "uv": [ 7, 4, 9, 12 ] },
                "west": { "texture": "#s_eagle", "uv": [ 8, 4, 8.6, 12 ] },
                "up": { "texture": "#s_eagle", "uv": [ 7, 4, 8.6, 5 ], "rotation": 270 },
                "down": { "texture": "#s_eagle", "uv": [ 9, 4, 7.6, 5 ], "rotation": 270 }
            }
        },
        {
            "name": "eagle2",
            "from": [ 9, 5, 6.5 ], 
            "to": [ 10, 7, 7 ], 
            "faces": {
                "north": { "texture": "#s_eagle", "uv": [ 6, 10, 7, 12 ] },
                "east": { "texture": "#s_eagle", "uv": [ 6, 10, 6.5, 12 ] },
                "up": { "texture": "#s_eagle", "uv": [ 6, 10, 6.5, 11 ], "rotation": 270 },
                "down": { "texture": "#s_eagle", "uv": [ 6, 11, 6.5, 12 ], "rotation": 270 }
            }
        },
        {
            "name": "eagle3",
            "from": [ 6, 5, 6.5 ], 
            "to": [ 7, 7, 7 ], 
            "faces": {
                "north": { "texture": "#s_eagle", "uv": [ 6, 10, 7, 12 ] },
                "west": { "texture": "#s_eagle", "uv": [ 6, 10, 6.5, 12 ] },
                "up": { "texture": "#s_eagle", "uv": [ 6, 10, 6.5, 11 ], "rotation": 270 },
                "down": { "texture": "#s_eagle", "uv": [ 6, 11, 6.5, 12 ], "rotation": 270 }
            }
        },
        {
            "name": "eagle4",
            "from": [ 9, 8, 6.5 ], 
            "to": [ 10, 10, 7 ], 
            "faces": {
                "north": { "texture": "#s_eagle", "uv": [ 6, 10, 7, 12 ] },
                "east": { "texture": "#s_eagle", "uv": [ 6, 10, 6.5, 12 ] },
                "up": { "texture": "#s_eagle", "uv": [ 6, 10, 6.5, 11 ], "rotation": 270 },
                "down": { "texture": "#s_eagle", "uv": [ 6, 11, 6.5, 12 ], "rotation": 270 }
            }
        },
        {
            "name": "eagle5",
            "from": [ 6, 8, 6.5 ], 
            "to": [ 7, 10, 7 ], 
            "faces": {
                "north": { "texture": "#s_eagle", "uv": [ 9, 7, 10, 9 ] },
                "west": { "texture": "#s_eagle", "uv": [ 9, 7, 9.5, 9 ] },
                "up": { "texture": "#s_eagle", "uv": [ 9, 8, 10, 8.5 ] },
                "down": { "texture": "#s_eagle", "uv": [ 9, 8, 10, 8.5 ] }
            }
        },
        {
            "name": "eagle7",
            "from": [ 9, 12, 6.5 ], 
            "to": [ 10, 13, 7 ], 
            "faces": {
                "north": { "texture": "#s_eagle", "uv": [ 6, 10, 7, 11 ] },
                "east": { "texture": "#s_eagle", "uv": [ 6, 10, 6.5, 11 ] },
                "up": { "texture": "#s_eagle", "uv": [ 6, 10, 6.5, 11 ], "rotation": 270 },
                "down": { "texture": "#s_eagle", "uv": [ 6, 11, 6.5, 12 ], "rotation": 270 }
            }
        },
        {
            "name": "eagle8",
            "from": [ 6, 11, 6.5 ], 
            "to": [ 7, 12, 7 ], 
            "faces": {
                "north": { "texture": "#s_eagle", "uv": [ 6, 10, 7, 11 ] },
                "west": { "texture": "#s_eagle", "uv": [ 6, 10, 6.5, 11 ] },
                "up": { "texture": "#s_eagle", "uv": [ 6, 10, 6.5, 11 ], "rotation": 270 },
                "down": { "texture": "#s_eagle", "uv": [ 6, 11, 6.5, 12 ], "rotation": 270 }
            }
        },
        {
            "name": "eagle9",
            "from": [ 10, 7, 6.6 ], 
            "to": [ 11, 11, 7 ], 
            "faces": {
                "north": { "texture": "#s_eagle", "uv": [ 5, 6, 6, 10 ] },
                "east": { "texture": "#s_eagle", "uv": [ 5, 6, 5.4, 10 ] },
                "west": { "texture": "#s_eagle", "uv": [ 5, 6, 5.4, 10 ] },
                "up": { "texture": "#s_eagle", "uv": [ 7, 5, 8.6, 6 ], "rotation": 270 },
                "down": { "texture": "#s_eagle", "uv": [ 9, 4, 7.6, 5 ], "rotation": 270 }
            }
        },
        {
            "name": "eagle10",
            "from": [ 5, 7, 6.6 ], 
            "to": [ 6, 11, 7 ], 
            "faces": {
                "north": { "texture": "#s_eagle", "uv": [ 10, 6, 11, 10 ] },
                "east": { "texture": "#s_eagle", "uv": [ 10, 6, 10.4, 10 ] },
                "west": { "texture": "#s_eagle", "uv": [ 10, 6, 10.4, 10 ] },
                "up": { "texture": "#s_eagle", "uv": [ 7, 4, 8.6, 5 ], "rotation": 270 },
                "down": { "texture": "#s_eagle", "uv": [ 9, 4, 7.6, 5 ], "rotation": 270 }
            }
        },
        {
            "name": "eagle11",
            "from": [ 11, 9, 6.7 ], 
            "to": [ 12, 12, 7 ], 
            "faces": {
                "north": { "texture": "#s_eagle", "uv": [ 4, 5, 5, 8 ] },
                "east": { "texture": "#s_eagle", "uv": [ 4, 5, 4.3, 8 ] },
                "west": { "texture": "#s_eagle", "uv": [ 4, 5, 4.3, 8 ] },
                "up": { "texture": "#s_eagle", "uv": [ 7, 4, 8.6, 5 ], "rotation": 270 },
                "down": { "texture": "#s_eagle", "uv": [ 9, 4, 7.6, 5 ], "rotation": 270 }
            }
        },
        {
            "name": "eagle12",
            "from": [ 12, 10, 6.7 ], 
            "to": [ 13, 12, 7 ], 
            "faces": {
                "north": { "texture": "#s_eagle", "uv": [ 3, 5, 4, 7 ] },
                "east": { "texture": "#s_eagle", "uv": [ 3, 5, 3.3, 7 ] },
                "up": { "texture": "#s_eagle", "uv": [ 7, 4, 8.6, 5 ], "rotation": 270 },
                "down": { "texture": "#s_eagle", "uv": [ 9, 4, 7.6, 5 ], "rotation": 270 }
            }
        },
        {
            "name": "eagle13",
            "from": [ 12, 9, 6.8 ], 
            "to": [ 13, 10, 7 ], 
            "faces": {
                "north": { "texture": "#s_eagle", "uv": [ 3, 7, 4, 8 ] },
                "east": { "texture": "#s_eagle", "uv": [ 3, 7, 3.2, 8 ] },
                "down": { "texture": "#s_eagle", "uv": [ 9, 4, 7.6, 5 ], "rotation": 270 }
            }
        },
        {
            "name": "eagle14",
            "from": [ 11, 8, 6.8 ], 
            "to": [ 12, 9, 7 ], 
            "faces": {
                "north": { "texture": "#s_eagle", "uv": [ 3, 7, 4, 8 ] },
                "east": { "texture": "#s_eagle", "uv": [ 3, 7, 3.2, 8 ] },
                "down": { "texture": "#s_eagle", "uv": [ 9, 4, 7.6, 5 ], "rotation": 270 }
            }
        },
        {
            "name": "eagle15",
            "from": [ 10, 5, 6.6 ], 
            "to": [ 11, 6, 7 ], 
            "faces": {
                "north": { "texture": "#s_eagle", "uv": [ 5, 11, 6, 12 ] },
                "east": { "texture": "#s_eagle", "uv": [ 5, 11, 5.4, 12 ] },
                "up": { "texture": "#s_eagle", "uv": [ 7, 4, 8.6, 5 ], "rotation": 270 },
                "down": { "texture": "#s_eagle", "uv": [ 9, 4, 7.6, 5 ], "rotation": 270 }
            }
        },
        {
            "name": "eagle16",
            "from": [ 5, 5, 6.6 ], 
            "to": [ 6, 6, 7 ], 
            "faces": {
                "north": { "texture": "#s_eagle", "uv": [ 5, 11, 6, 12 ] },
                "west": { "texture": "#s_eagle", "uv": [ 5, 11, 5.4, 12 ] },
                "up": { "texture": "#s_eagle", "uv": [ 7, 4, 8.6, 5 ], "rotation": 270 },
                "down": { "texture": "#s_eagle", "uv": [ 9, 4, 7.6, 5 ], "rotation": 270 }
            }
        },
        {
            "name": "eagle17",
            "from": [ 4, 9, 6.7 ], 
            "to": [ 5, 12, 7 ], 
            "faces": {
                "north": { "texture": "#s_eagle", "uv": [ 4, 5, 5, 8 ] },
                "east": { "texture": "#s_eagle", "uv": [ 4, 5, 4.3, 8 ] },
                "west": { "texture": "#s_eagle", "uv": [ 4, 5, 4.3, 8 ] },
                "up": { "texture": "#s_eagle", "uv": [ 7, 4, 8.6, 5 ], "rotation": 270 },
                "down": { "texture": "#s_eagle", "uv": [ 9, 4, 7.6, 5 ], "rotation": 270 }
            }
        },
        {
            "name": "eagle18",
            "from": [ 3, 10, 6.7 ], 
            "to": [ 4, 12, 7 ], 
            "faces": {
                "north": { "texture": "#s_eagle", "uv": [ 3, 5, 4, 7 ] },
                "west": { "texture": "#s_eagle", "uv": [ 3, 5, 3.3, 7 ] },
                "up": { "texture": "#s_eagle", "uv": [ 7, 4, 8.6, 5 ], "rotation": 270 },
                "down": { "texture": "#s_eagle", "uv": [ 9, 4, 7.6, 5 ], "rotation": 270 }
            }
        },
        {
            "name": "eagle19",
            "from": [ 3, 9, 6.8 ], 
            "to": [ 4, 10, 7 ], 
            "faces": {
                "north": { "texture": "#s_eagle", "uv": [ 3, 7, 4, 8 ] },
                "west": { "texture": "#s_eagle", "uv": [ 3, 7, 3.2, 8 ] },
                "down": { "texture": "#s_eagle", "uv": [ 9, 4, 7.6, 5 ], "rotation": 270 }
            }
        },
        {
            "name": "eagle20",
            "from": [ 4, 8, 6.8 ], 
            "to": [ 5, 9, 7 ], 
            "faces": {
                "north": { "texture": "#s_eagle", "uv": [ 3, 7, 4, 8 ] },
                "west": { "texture": "#s_eagle", "uv": [ 3, 7, 3.2, 8 ] },
                "down": { "texture": "#s_eagle", "uv": [ 9, 4, 7.6, 5 ], "rotation": 270 }
            }
        },
        {
            "name": "border1",
            "from": [ 14, 7, 6.7 ], 
            "to": [ 15, 15, 7 ], 
            "faces": {
                "north": { "texture": "#s_eagle", "uv": [ 1, 2, 2, 10 ] },
                "east": { "texture": "#s_eagle", "uv": [ 1, 2, 1.3, 10 ] },
                "west": { "texture": "#s_eagle", "uv": [ 1, 2, 1.3, 10 ] },
                "down": { "texture": "#s_eagle", "uv": [ 13, 5, 11.6, 6 ], "rotation": 270 }
            }
        },
        {
            "name": "border2",
            "from": [ 1, 7, 6.7 ], 
            "to": [ 2, 15, 7 ], 
            "faces": {
                "north": { "texture": "#s_eagle", "uv": [ 1, 2, 2, 10 ] },
                "east": { "texture": "#s_eagle", "uv": [ 1, 2, 1.3, 10 ] },
                "west": { "texture": "#s_eagle", "uv": [ 1, 2, 1.3, 10 ] },
                "down": { "texture": "#s_eagle", "uv": [ 13, 5, 11.6, 6 ], "rotation": 270 }
            }
        },
        {
            "name": "border3",
            "from": [ 10, 14, 6.7 ], 
            "to": [ 13, 15, 7 ], 
            "faces": {
                "north": { "texture": "#s_eagle", "uv": [ 3, 2, 6, 3 ] },
                "east": { "texture": "#s_eagle", "uv": [ 5, 2, 5.3, 3 ] },
                "west": { "texture": "#s_eagle", "uv": [ 5, 2, 5.3, 3 ] },
                "up": { "texture": "#s_eagle", "uv": [ 11, 5, 12.6, 6 ], "rotation": 270 },
                "down": { "texture": "#s_eagle", "uv": [ 13, 5, 11.6, 6 ], "rotation": 270 }
            }
        },
        {
            "name": "border4",
            "from": [ 3, 14, 6.7 ], 
            "to": [ 6, 15, 7 ], 
            "faces": {
                "north": { "texture": "#s_eagle", "uv": [ 3, 2, 6, 3 ] },
                "east": { "texture": "#s_eagle", "uv": [ 5, 2, 5.3, 3 ] },
                "west": { "texture": "#s_eagle", "uv": [ 5, 2, 5.3, 3 ] },
                "up": { "texture": "#s_eagle", "uv": [ 11, 5, 12.6, 6 ], "rotation": 270 },
                "down": { "texture": "#s_eagle", "uv": [ 13, 5, 11.6, 6 ], "rotation": 270 }
            }
        },
        {
            "name": "border5",
            "from": [ 9, 15, 6.7 ], 
            "to": [ 10, 16, 7 ], 
            "faces": {
                "north": { "texture": "#s_eagle", "uv": [ 3, 2, 4, 3 ] },
                "east": { "texture": "#s_eagle", "uv": [ 5, 2, 5.3, 3 ] },
                "west": { "texture": "#s_eagle", "uv": [ 5, 2, 5.3, 3 ] },
                "up": { "texture": "#s_eagle", "uv": [ 11, 5, 12.6, 6 ], "rotation": 270 },
                "down": { "texture": "#s_eagle", "uv": [ 13, 5, 11.6, 6 ], "rotation": 270 }
            }
        },
        {
            "name": "border6",
            "from": [ 6, 15, 6.7 ], 
            "to": [ 7, 16, 7 ], 
            "faces": {
                "north": { "texture": "#s_eagle", "uv": [ 6, 1, 7, 2 ] },
                "east": { "texture": "#s_eagle", "uv": [ 7, 15, 7.3, 16 ] },
                "west": { "texture": "#s_eagle", "uv": [ 8, 15, 8.3, 16 ] },
                "up": { "texture": "#s_eagle", "uv": [ 11, 5, 12.6, 6 ], "rotation": 270 },
                "down": { "texture": "#s_eagle", "uv": [ 13, 5, 11.6, 6 ], "rotation": 270 }
            }
        },
        {
            "name": "border7",
            "from": [ 7, 16, 6.7 ], 
            "to": [ 9, 16.5, 7 ], 
            "faces": {
                "north": { "texture": "#s_eagle", "uv": [ 7, 0, 9, 0.5 ] },
                "east": { "texture": "#s_eagle", "uv": [ 7, 15, 7.3, 15.5 ] },
                "west": { "texture": "#s_eagle", "uv": [ 8, 15, 8.3, 15.5 ] },
                "up": { "texture": "#s_eagle", "uv": [ 11, 5, 12.6, 6 ], "rotation": 270 },
                "down": { "texture": "#s_eagle", "uv": [ 13, 5, 11.6, 6 ], "rotation": 270 }
            }
        },
        {
            "name": "border8",
            "from": [ 13, 5, 6.7 ], 
            "to": [ 14, 7, 7 ], 
            "faces": {
                "north": { "texture": "#s_eagle", "uv": [ 2, 10, 3, 12 ] },
                "east": { "texture": "#s_eagle", "uv": [ 7, 15, 7.3, 16 ] },
                "west": { "texture": "#s_eagle", "uv": [ 8, 15, 8.3, 16 ] },
                "up": { "texture": "#s_eagle", "uv": [ 11, 5, 12.6, 6 ], "rotation": 270 },
                "down": { "texture": "#s_eagle", "uv": [ 13, 5, 11.6, 6 ], "rotation": 270 }
            }
        },
        {
            "name": "border9",
            "from": [ 2, 5, 6.7 ], 
            "to": [ 3, 7, 7 ], 
            "faces": {
                "north": { "texture": "#s_eagle", "uv": [ 2, 10, 3, 12 ] },
                "east": { "texture": "#s_eagle", "uv": [ 7, 15, 7.3, 16 ] },
                "west": { "texture": "#s_eagle", "uv": [ 8, 15, 8.3, 16 ] },
                "up": { "texture": "#s_eagle", "uv": [ 11, 5, 12.6, 6 ], "rotation": 270 },
                "down": { "texture": "#s_eagle", "uv": [ 13, 5, 11.6, 6 ], "rotation": 270 }
            }
        },
        {
            "name": "border10",
            "from": [ 12, 3, 6.7 ], 
            "to": [ 13, 5, 7 ], 
            "faces": {
                "north": { "texture": "#s_eagle", "uv": [ 2, 10, 3, 12 ] },
                "east": { "texture": "#s_eagle", "uv": [ 7, 15, 7.3, 16 ] },
                "south": { "texture": "#s_eagle", "uv": [ 2, 10, 3, 12 ] },
                "west": { "texture": "#s_eagle", "uv": [ 8, 15, 8.3, 16 ] },
                "up": { "texture": "#s_eagle", "uv": [ 11, 5, 12.6, 6 ], "rotation": 270 },
                "down": { "texture": "#s_eagle", "uv": [ 13, 5, 11.6, 6 ], "rotation": 270 }
            }
        },
        {
            "name": "border11",
            "from": [ 11, 2, 6.7 ], 
            "to": [ 12, 3, 7 ], 
            "faces": {
                "north": { "texture": "#s_eagle", "uv": [ 3, 12, 4, 13 ] },
                "east": { "texture": "#s_eagle", "uv": [ 7, 15, 7.3, 16 ] },
                "west": { "texture": "#s_eagle", "uv": [ 8, 15, 8.3, 16 ] },
                "up": { "texture": "#s_eagle", "uv": [ 11, 5, 12.6, 5 ], "rotation": 270 },
                "down": { "texture": "#s_eagle", "uv": [ 13, 5, 11.6, 6 ], "rotation": 270 }
            }
        },
        {
            "name": "border12",
            "from": [ 4, 2, 6.7 ], 
            "to": [ 5, 3, 7 ], 
            "faces": {
                "north": { "texture": "#s_eagle", "uv": [ 3, 12, 4, 13 ] },
                "east": { "texture": "#s_eagle", "uv": [ 7, 15, 7.3, 16 ] },
                "west": { "texture": "#s_eagle", "uv": [ 8, 15, 8.3, 16 ] },
                "up": { "texture": "#s_eagle", "uv": [ 11, 5, 12.6, 5 ], "rotation": 270 },
                "down": { "texture": "#s_eagle", "uv": [ 13, 5, 11.6, 6 ], "rotation": 270 }
            }
        },
        {
            "name": "border13",
            "from": [ 10, 1, 6.7 ], 
            "to": [ 11, 2, 7 ], 
            "faces": {
                "north": { "texture": "#s_eagle", "uv": [ 4, 13, 5, 14 ] },
                "east": { "texture": "#s_eagle", "uv": [ 7, 15, 7.3, 16 ] },
                "west": { "texture": "#s_eagle", "uv": [ 8, 15, 8.3, 16 ] },
                "up": { "texture": "#s_eagle", "uv": [ 11, 5, 12.6, 5 ], "rotation": 270 },
                "down": { "texture": "#s_eagle", "uv": [ 13, 5, 11.6, 6 ], "rotation": 270 }
            }
        },
        {
            "name": "border14",
            "from": [ 5, 1, 6.7 ], 
            "to": [ 6, 2, 7 ], 
            "faces": {
                "north": { "texture": "#s_eagle", "uv": [ 4, 13, 5, 14 ] },
                "east": { "texture": "#s_eagle", "uv": [ 7, 15, 7.3, 16 ] },
                "west": { "texture": "#s_eagle", "uv": [ 8, 15, 8.3, 16 ] },
                "up": { "texture": "#s_eagle", "uv": [ 11, 5, 12.6, 5 ], "rotation": 270 },
                "down": { "texture": "#s_eagle", "uv": [ 13, 5, 11.6, 6 ], "rotation": 270 }
            }
        },
        {
            "name": "border15",
            "from": [ 9, 0, 6.7 ], 
            "to": [ 10, 1, 7 ], 
            "faces": {
                "north": { "texture": "#s_eagle", "uv": [ 5, 14, 6, 15 ] },
                "east": { "texture": "#s_eagle", "uv": [ 7, 15, 7.3, 16 ] },
                "west": { "texture": "#s_eagle", "uv": [ 8, 15, 8.3, 16 ] },
                "up": { "texture": "#s_eagle", "uv": [ 11, 5, 12.6, 5 ], "rotation": 270 },
                "down": { "texture": "#s_eagle", "uv": [ 13, 5, 11.6, 6 ], "rotation": 270 }
            }
        },
        {
            "name": "border16",
            "from": [ 6, 0, 6.7 ], 
            "to": [ 7, 1, 7 ], 
            "faces": {
                "north": { "texture": "#s_eagle", "uv": [ 5, 14, 6, 15 ] },
                "east": { "texture": "#s_eagle", "uv": [ 7, 15, 7.3, 16 ] },
                "west": { "texture": "#s_eagle", "uv": [ 8, 15, 8.3, 16 ] },
                "up": { "texture": "#s_eagle", "uv": [ 11, 5, 12.6, 5 ], "rotation": 270 },
                "down": { "texture": "#s_eagle", "uv": [ 13, 5, 11.6, 6 ], "rotation": 270 }
            }
        },
        {
            "name": "border17",
            "from": [ 7, -0.5, 6.7 ], 
            "to": [ 9, 0, 7 ], 
            "faces": {
                "north": { "texture": "#s_eagle", "uv": [ 7, 15, 9, 15.5 ] },
                "east": { "texture": "#s_eagle", "uv": [ 7, 15, 7.3, 15.5 ] },
                "west": { "texture": "#s_eagle", "uv": [ 8, 15, 8.3, 15.5 ] },
                "up": { "texture": "#s_eagle", "uv": [ 11, 5, 12.6, 6 ], "rotation": 270 },
                "down": { "texture": "#s_eagle", "uv": [ 13, 5, 11.6, 6 ], "rotation": 270 }
            }
        },
        {
            "name": "border18",
            "from": [ 13, 15, 6.7 ], 
            "to": [ 15, 15.5, 7 ], 
            "faces": {
                "north": { "texture": "#s_eagle", "uv": [ 7, 15, 9, 15.5 ] },
                "east": { "texture": "#s_eagle", "uv": [ 7, 15, 7.3, 15.5 ] },
                "west": { "texture": "#s_eagle", "uv": [ 8, 15, 8.3, 15.5 ] },
                "up": { "texture": "#s_eagle", "uv": [ 11, 5, 12.6, 6 ], "rotation": 270 },
                "down": { "texture": "#s_eagle", "uv": [ 13, 5, 11.6, 6 ], "rotation": 270 }
            }
        },
        {
            "name": "border19",
            "from": [ 1, 15, 6.7 ], 
            "to": [ 3, 15.5, 7 ], 
            "faces": {
                "north": { "texture": "#s_eagle", "uv": [ 7, 15, 9, 15.5 ] },
                "east": { "texture": "#s_eagle", "uv": [ 7, 15, 7.3, 15.5 ] },
                "west": { "texture": "#s_eagle", "uv": [ 8, 15, 8.3, 15.5 ] },
                "up": { "texture": "#s_eagle", "uv": [ 11, 5, 12.6, 6 ], "rotation": 270 },
                "down": { "texture": "#s_eagle", "uv": [ 13, 5, 11.6, 6 ], "rotation": 270 }
            }
        },
        {
            "name": "border20",
            "from": [ 3, 3, 6.7 ], 
            "to": [ 4, 5, 7 ], 
            "faces": {
                "north": { "texture": "#s_eagle", "uv": [ 2, 10, 3, 12 ] },
                "east": { "texture": "#s_eagle", "uv": [ 7, 15, 7.3, 16 ] },
                "south": { "texture": "#s_eagle", "uv": [ 2, 10, 3, 12 ] },
                "west": { "texture": "#s_eagle", "uv": [ 8, 15, 8.3, 16 ] },
                "up": { "texture": "#s_eagle", "uv": [ 11, 5, 12.6, 6 ], "rotation": 270 },
                "down": { "texture": "#s_eagle", "uv": [ 13, 5, 11.6, 6 ], "rotation": 270 }
            }
        },
        {
            "name": "backborder1",
            "from": [ 14, 7, 7.93 ], 
            "to": [ 15, 15, 8.23 ], 
            "faces": {
                "east": { "texture": "#s_eagle", "uv": [ 1, 2, 1.3, 10 ] },
                "south": { "texture": "#s_eagle", "uv": [ 1, 2, 2, 10 ] },
                "west": { "texture": "#s_eagle", "uv": [ 1, 2, 1.3, 10 ] },
                "down": { "texture": "#s_eagle", "uv": [ 13, 5, 11.6, 6 ], "rotation": 270 }
            }
        },
        {
            "name": "backborder2",
            "from": [ 1, 7, 7.93 ], 
            "to": [ 2, 15, 8.23 ], 
            "faces": {
                "east": { "texture": "#s_eagle", "uv": [ 1, 2, 1.3, 10 ] },
                "south": { "texture": "#s_eagle", "uv": [ 1, 2, 2, 10 ] },
                "west": { "texture": "#s_eagle", "uv": [ 1, 2, 1.3, 10 ] },
                "down": { "texture": "#s_eagle", "uv": [ 13, 5, 11.6, 6 ], "rotation": 270 }
            }
        },
        {
            "name": "backborder3",
            "from": [ 10, 14, 7.93 ], 
            "to": [ 13, 15, 8.23 ], 
            "faces": {
                "east": { "texture": "#s_eagle", "uv": [ 5, 2, 5.3, 3 ] },
                "south": { "texture": "#s_eagle", "uv": [ 3, 2, 6, 3 ] },
                "west": { "texture": "#s_eagle", "uv": [ 5, 2, 5.3, 3 ] },
                "up": { "texture": "#s_eagle", "uv": [ 11, 5, 12.6, 6 ], "rotation": 270 },
                "down": { "texture": "#s_eagle", "uv": [ 13, 5, 11.6, 6 ], "rotation": 270 }
            }
        },
        {
            "name": "backborder4",
            "from": [ 3, 14, 7.93 ], 
            "to": [ 6, 15, 8.23 ], 
            "faces": {
                "east": { "texture": "#s_eagle", "uv": [ 5, 2, 5.3, 3 ] },
                "south": { "texture": "#s_eagle", "uv": [ 3, 2, 6, 3 ] },
                "west": { "texture": "#s_eagle", "uv": [ 5, 2, 5.3, 3 ] },
                "up": { "texture": "#s_eagle", "uv": [ 11, 5, 12.6, 6 ], "rotation": 270 },
                "down": { "texture": "#s_eagle", "uv": [ 13, 5, 11.6, 6 ], "rotation": 270 }
            }
        },
        {
            "name": "backborder5",
            "from": [ 9, 15, 7.93 ], 
            "to": [ 10, 16, 8.23 ], 
            "faces": {
                "east": { "texture": "#s_eagle", "uv": [ 5, 2, 5.3, 3 ] },
                "south": { "texture": "#s_eagle", "uv": [ 3, 2, 4, 3 ] },
                "west": { "texture": "#s_eagle", "uv": [ 5, 2, 5.3, 3 ] },
                "up": { "texture": "#s_eagle", "uv": [ 11, 5, 12.6, 6 ], "rotation": 270 },
                "down": { "texture": "#s_eagle", "uv": [ 13, 5, 11.6, 6 ], "rotation": 270 }
            }
        },
        {
            "name": "backborder6",
            "from": [ 6, 15, 7.93 ], 
            "to": [ 7, 16, 8.23 ], 
            "faces": {
                "east": { "texture": "#s_eagle", "uv": [ 7, 15, 7.3, 16 ] },
                "south": { "texture": "#s_eagle", "uv": [ 6, 1, 7, 2 ] },
                "west": { "texture": "#s_eagle", "uv": [ 8, 15, 8.3, 16 ] },
                "up": { "texture": "#s_eagle", "uv": [ 11, 5, 12.6, 6 ], "rotation": 270 },
                "down": { "texture": "#s_eagle", "uv": [ 13, 5, 11.6, 6 ], "rotation": 270 }
            }
        },
        {
            "name": "backborder7",
            "from": [ 7, 16, 7.93 ], 
            "to": [ 9, 16.5, 8.23 ], 
            "faces": {
                "east": { "texture": "#s_eagle", "uv": [ 7, 15, 7.3, 15.5 ] },
                "south": { "texture": "#s_eagle", "uv": [ 7, 0, 9, 0.5 ] },
                "west": { "texture": "#s_eagle", "uv": [ 8, 15, 8.3, 15.5 ] },
                "up": { "texture": "#s_eagle", "uv": [ 11, 5, 12.6, 6 ], "rotation": 270 },
                "down": { "texture": "#s_eagle", "uv": [ 13, 5, 11.6, 6 ], "rotation": 270 }
            }
        },
        {
            "name": "backborder8",
            "from": [ 13, 5, 7.93 ], 
            "to": [ 14, 7, 8.23 ], 
            "faces": {
                "east": { "texture": "#s_eagle", "uv": [ 7, 15, 7.3, 16 ] },
                "south": { "texture": "#s_eagle", "uv": [ 2, 10, 3, 12 ] },
                "west": { "texture": "#s_eagle", "uv": [ 8, 15, 8.3, 16 ] },
                "up": { "texture": "#s_eagle", "uv": [ 11, 5, 12.6, 6 ], "rotation": 270 },
                "down": { "texture": "#s_eagle", "uv": [ 13, 5, 11.6, 6 ], "rotation": 270 }
            }
        },
        {
            "name": "backborder9",
            "from": [ 2, 5, 7.93 ], 
            "to": [ 3, 7, 8.23 ], 
            "faces": {
                "east": { "texture": "#s_eagle", "uv": [ 7, 15, 7.3, 16 ] },
                "south": { "texture": "#s_eagle", "uv": [ 2, 10, 3, 12 ] },
                "west": { "texture": "#s_eagle", "uv": [ 8, 15, 8.3, 16 ] },
                "up": { "texture": "#s_eagle", "uv": [ 11, 5, 12.6, 6 ], "rotation": 270 },
                "down": { "texture": "#s_eagle", "uv": [ 13, 5, 11.6, 6 ], "rotation": 270 }
            }
        },
        {
            "name": "backborder10",
            "from": [ 12, 3, 7.93 ], 
            "to": [ 13, 5, 8.23 ], 
            "faces": {
                "north": { "texture": "#s_eagle", "uv": [ 2, 10, 3, 12 ] },
                "east": { "texture": "#s_eagle", "uv": [ 7, 15, 7.3, 16 ] },
                "south": { "texture": "#s_eagle", "uv": [ 2, 10, 3, 12 ] },
                "west": { "texture": "#s_eagle", "uv": [ 8, 15, 8.3, 16 ] },
                "up": { "texture": "#s_eagle", "uv": [ 11, 5, 12.6, 6 ], "rotation": 270 },
                "down": { "texture": "#s_eagle", "uv": [ 13, 5, 11.6, 6 ], "rotation": 270 }
            }
        },
        {
            "name": "backborder11",
            "from": [ 11, 2, 7.93 ], 
            "to": [ 12, 3, 8.23 ], 
            "faces": {
                "east": { "texture": "#s_eagle", "uv": [ 7, 15, 7.3, 16 ] },
                "south": { "texture": "#s_eagle", "uv": [ 3, 12, 4, 13 ] },
                "west": { "texture": "#s_eagle", "uv": [ 8, 15, 8.3, 16 ] },
                "up": { "texture": "#s_eagle", "uv": [ 11, 5, 12.6, 5 ], "rotation": 270 },
                "down": { "texture": "#s_eagle", "uv": [ 13, 5, 11.6, 6 ], "rotation": 270 }
            }
        },
        {
            "name": "backborder12",
            "from": [ 4, 2, 7.93 ], 
            "to": [ 5, 3, 8.23 ], 
            "faces": {
                "east": { "texture": "#s_eagle", "uv": [ 7, 15, 7.3, 16 ] },
                "south": { "texture": "#s_eagle", "uv": [ 3, 12, 4, 13 ] },
                "west": { "texture": "#s_eagle", "uv": [ 8, 15, 8.3, 16 ] },
                "up": { "texture": "#s_eagle", "uv": [ 11, 5, 12.6, 5 ], "rotation": 270 },
                "down": { "texture": "#s_eagle", "uv": [ 13, 5, 11.6, 6 ], "rotation": 270 }
            }
        },
        {
            "name": "backborder13",
            "from": [ 10, 1, 7.93 ], 
            "to": [ 11, 2, 8.23 ], 
            "faces": {
                "east": { "texture": "#s_eagle", "uv": [ 7, 15, 7.3, 16 ] },
                "south": { "texture": "#s_eagle", "uv": [ 4, 13, 5, 14 ] },
                "west": { "texture": "#s_eagle", "uv": [ 8, 15, 8.3, 16 ] },
                "up": { "texture": "#s_eagle", "uv": [ 11, 5, 12.6, 5 ], "rotation": 270 },
                "down": { "texture": "#s_eagle", "uv": [ 13, 5, 11.6, 6 ], "rotation": 270 }
            }
        },
        {
            "name": "backborder14",
            "from": [ 5, 1, 7.93 ], 
            "to": [ 6, 2, 8.23 ], 
            "faces": {
                "east": { "texture": "#s_eagle", "uv": [ 7, 15, 7.3, 16 ] },
                "south": { "texture": "#s_eagle", "uv": [ 4, 13, 5, 14 ] },
                "west": { "texture": "#s_eagle", "uv": [ 8, 15, 8.3, 16 ] },
                "up": { "texture": "#s_eagle", "uv": [ 11, 5, 12.6, 5 ], "rotation": 270 },
                "down": { "texture": "#s_eagle", "uv": [ 13, 5, 11.6, 6 ], "rotation": 270 }
            }
        },
        {
            "name": "backborder15",
            "from": [ 9, 0, 7.93 ], 
            "to": [ 10, 1, 8.23 ], 
            "faces": {
                "east": { "texture": "#s_eagle", "uv": [ 7, 15, 7.3, 16 ] },
                "south": { "texture": "#s_eagle", "uv": [ 5, 14, 6, 15 ] },
                "west": { "texture": "#s_eagle", "uv": [ 8, 15, 8.3, 16 ] },
                "up": { "texture": "#s_eagle", "uv": [ 11, 5, 12.6, 5 ], "rotation": 270 },
                "down": { "texture": "#s_eagle", "uv": [ 13, 5, 11.6, 6 ], "rotation": 270 }
            }
        },
        {
            "name": "backborder16",
            "from": [ 6, 0, 7.93 ], 
            "to": [ 7, 1, 8.23 ], 
            "faces": {
                "east": { "texture": "#s_eagle", "uv": [ 7, 15, 7.3, 16 ] },
                "south": { "texture": "#s_eagle", "uv": [ 5, 14, 6, 15 ] },
                "west": { "texture": "#s_eagle", "uv": [ 8, 15, 8.3, 16 ] },
                "up": { "texture": "#s_eagle", "uv": [ 11, 5, 12.6, 5 ], "rotation": 270 },
                "down": { "texture": "#s_eagle", "uv": [ 13, 5, 11.6, 6 ], "rotation": 270 }
            }
        },
        {
            "name": "backborder17",
            "from": [ 7, -0.5, 7.93 ], 
            "to": [ 9, 0, 8.23 ], 
            "faces": {
                "east": { "texture": "#s_eagle", "uv": [ 7, 15, 7.3, 15.5 ] },
                "south": { "texture": "#s_eagle", "uv": [ 7, 15, 9, 15.5 ] },
                "west": { "texture": "#s_eagle", "uv": [ 8, 15, 8.3, 15.5 ] },
                "up": { "texture": "#s_eagle", "uv": [ 11, 5, 12.6, 6 ], "rotation": 270 },
                "down": { "texture": "#s_eagle", "uv": [ 13, 5, 11.6, 6 ], "rotation": 270 }
            }
        },
        {
            "name": "backborder18",
            "from": [ 13, 15, 7.93 ], 
            "to": [ 15, 15.5, 8.23 ], 
            "faces": {
                "east": { "texture": "#s_eagle", "uv": [ 7, 15, 7.3, 15.5 ] },
                "south": { "texture": "#s_eagle", "uv": [ 7, 15, 9, 15.5 ] },
                "west": { "texture": "#s_eagle", "uv": [ 8, 15, 8.3, 15.5 ] },
                "up": { "texture": "#s_eagle", "uv": [ 11, 5, 12.6, 6 ], "rotation": 270 },
                "down": { "texture": "#s_eagle", "uv": [ 13, 5, 11.6, 6 ], "rotation": 270 }
            }
        },
        {
            "name": "backborder19",
            "from": [ 1, 15, 7.93 ], 
            "to": [ 3, 15.5, 8.23 ], 
            "faces": {
                "east": { "texture": "#s_eagle", "uv": [ 7, 15, 7.3, 15.5 ] },
                "south": { "texture": "#s_eagle", "uv": [ 7, 15, 9, 15.5 ] },
                "west": { "texture": "#s_eagle", "uv": [ 8, 15, 8.3, 15.5 ] },
                "up": { "texture": "#s_eagle", "uv": [ 11, 5, 12.6, 6 ], "rotation": 270 },
                "down": { "texture": "#s_eagle", "uv": [ 13, 5, 11.6, 6 ], "rotation": 270 }
            }
        },
        {
            "name": "backborder20",
            "from": [ 3, 3, 7.93 ], 
            "to": [ 4, 5, 8.23 ], 
            "faces": {
                "north": { "texture": "#s_eagle", "uv": [ 2, 10, 3, 12 ] },
                "east": { "texture": "#s_eagle", "uv": [ 7, 15, 7.3, 16 ] },
                "south": { "texture": "#s_eagle", "uv": [ 2, 10, 3, 12 ] },
                "west": { "texture": "#s_eagle", "uv": [ 8, 15, 8.3, 16 ] },
                "up": { "texture": "#s_eagle", "uv": [ 11, 5, 12.6, 6 ], "rotation": 270 },
                "down": { "texture": "#s_eagle", "uv": [ 13, 5, 11.6, 6 ], "rotation": 270 }
            }
        }
    ]
}